<?xml version="1.0" encoding="ISO-8859-1"?><pnml>
<net id="Net-One" type="P/T net">
<token id="Default" enabled="true" red="0" green="0" blue="0"/>
<place id="P1">
<graphics>
<position x="90.0" y="165.0"/>
</graphics>
<name>
<value>P1</value>
<graphics>
<offset x="0.0" y="0.0"/>
</graphics>
</name>
<initialMarking>
<value>Default,1</value>
<graphics>
<offset x="0.0" y="0.0"/>
</graphics>
</initialMarking>
<capacity>
<value>0</value>
</capacity>
</place>
<place id="P2">
<graphics>
<position x="210.0" y="165.0"/>
</graphics>
<name>
<value>P2</value>
<graphics>
<offset x="0.0" y="0.0"/>
</graphics>
</name>
<initialMarking>
<value>Default,0</value>
<graphics>
<offset x="0.0" y="0.0"/>
</graphics>
</initialMarking>
<capacity>
<value>0</value>
</capacity>
</place>
<place id="P3">
<graphics>
<position x="315.0" y="165.0"/>
</graphics>
<name>
<value>P3</value>
<graphics>
<offset x="0.0" y="0.0"/>
</graphics>
</name>
<initialMarking>
<value>Default,0</value>
<graphics>
<offset x="0.0" y="0.0"/>
</graphics>
</initialMarking>
<capacity>
<value>0</value>
</capacity>
</place>
<place id="P4">
<graphics>
<position x="210.0" y="285.0"/>
</graphics>
<name>
<value>P4</value>
<graphics>
<offset x="0.0" y="0.0"/>
</graphics>
</name>
<initialMarking>
<value>Default,0</value>
<graphics>
<offset x="0.0" y="0.0"/>
</graphics>
</initialMarking>
<capacity>
<value>0</value>
</capacity>
</place>
<place id="P5">
<graphics>
<position x="210.0" y="90.0"/>
</graphics>
<name>
<value>P5</value>
<graphics>
<offset x="0.0" y="0.0"/>
</graphics>
</name>
<initialMarking>
<value>Default,1</value>
<graphics>
<offset x="0.0" y="0.0"/>
</graphics>
</initialMarking>
<capacity>
<value>0</value>
</capacity>
</place>
<place id="P6">
<graphics>
<position x="315.0" y="90.0"/>
</graphics>
<name>
<value>P6</value>
<graphics>
<offset x="0.0" y="0.0"/>
</graphics>
</name>
<initialMarking>
<value>Default,2</value>
<graphics>
<offset x="0.0" y="0.0"/>
</graphics>
</initialMarking>
<capacity>
<value>0</value>
</capacity>
</place>
<transition id="T1">
<graphics>
<position x="150.0" y="165.0"/>
</graphics>
<name>
<value>T1</value>
<graphics>
<offset x="-5.0" y="35.0"/>
</graphics>
</name>
<orientation>
<value>0</value>
</orientation>
<rate>
<value>1.0</value>
</rate>
<timed>
<value>false</value>
</timed>
<infiniteServer>
<value>false</value>
</infiniteServer>
<priority>
<value>1</value>
</priority>
</transition>
<transition id="T2">
<graphics>
<position x="270.0" y="165.0"/>
</graphics>
<name>
<value>T2</value>
<graphics>
<offset x="-5.0" y="35.0"/>
</graphics>
</name>
<orientation>
<value>0</value>
</orientation>
<rate>
<value>1.0</value>
</rate>
<timed>
<value>false</value>
</timed>
<infiniteServer>
<value>false</value>
</infiniteServer>
<priority>
<value>1</value>
</priority>
</transition>
<transition id="T3">
<graphics>
<position x="360.0" y="165.0"/>
</graphics>
<name>
<value>T3</value>
<graphics>
<offset x="-5.0" y="35.0"/>
</graphics>
</name>
<orientation>
<value>0</value>
</orientation>
<rate>
<value>1.0</value>
</rate>
<timed>
<value>false</value>
</timed>
<infiniteServer>
<value>false</value>
</infiniteServer>
<priority>
<value>1</value>
</priority>
</transition>
<transition id="T4">
<graphics>
<position x="180.0" y="225.0"/>
</graphics>
<name>
<value>T4</value>
<graphics>
<offset x="-5.0" y="35.0"/>
</graphics>
</name>
<orientation>
<value>90</value>
</orientation>
<rate>
<value>1.0</value>
</rate>
<timed>
<value>false</value>
</timed>
<infiniteServer>
<value>false</value>
</infiniteServer>
<priority>
<value>1</value>
</priority>
</transition>
<transition id="T5">
<graphics>
<position x="240.0" y="225.0"/>
</graphics>
<name>
<value>T5</value>
<graphics>
<offset x="-5.0" y="35.0"/>
</graphics>
</name>
<orientation>
<value>90</value>
</orientation>
<rate>
<value>1.0</value>
</rate>
<timed>
<value>false</value>
</timed>
<infiniteServer>
<value>false</value>
</infiniteServer>
<priority>
<value>1</value>
</priority>
</transition>
<arc id="P1 to T1" source="P1" target="T1">
<graphics/>
<inscription>
<value>Default,1</value>
<graphics/>
</inscription>
<tagged>
<value>false</value>
</tagged>
<arcpath id="000" x="102" y="192" curvePoint="false"/>
<arcpath id="001" x="102" y="177" curvePoint="false"/>
<arcpath id="002" x="156" y="177" curvePoint="false"/>
<type value="normal"/>
</arc>
<arc id="P2 to T2" source="P2" target="T2">
<graphics/>
<inscription>
<value>Default,1</value>
<graphics/>
</inscription>
<tagged>
<value>false</value>
</tagged>
<arcpath id="000" x="236" y="178" curvePoint="false"/>
<arcpath id="001" x="276" y="182" curvePoint="false"/>
<type value="normal"/>
</arc>
<arc id="P2 to T4" source="P2" target="T4">
<graphics/>
<inscription>
<value>Default,1</value>
<graphics/>
</inscription>
<tagged>
<value>false</value>
</tagged>
<arcpath id="000" x="214" y="190" curvePoint="false"/>
<arcpath id="001" x="191" y="231" curvePoint="false"/>
<type value="normal"/>
</arc>
<arc id="P3 to T3" source="P3" target="T3">
<graphics/>
<inscription>
<value>Default,1</value>
<graphics/>
</inscription>
<tagged>
<value>false</value>
</tagged>
<arcpath id="000" x="341" y="180" curvePoint="false"/>
<arcpath id="001" x="366" y="185" curvePoint="false"/>
<type value="normal"/>
</arc>
<arc id="P4 to T5" source="P4" target="T5">
<graphics/>
<inscription>
<value>Default,1</value>
<graphics/>
</inscription>
<tagged>
<value>false</value>
</tagged>
<arcpath id="000" x="229" y="283" curvePoint="false"/>
<arcpath id="001" x="251" y="241" curvePoint="false"/>
<type value="normal"/>
</arc>
<arc id="P5 to T1" source="P5" target="T1">
<graphics/>
<inscription>
<value>Default,1</value>
<graphics/>
</inscription>
<tagged>
<value>false</value>
</tagged>
<arcpath id="000" x="212" y="113" curvePoint="false"/>
<arcpath id="001" x="167" y="172" curvePoint="false"/>
<type value="normal"/>
</arc>
<arc id="P6 to T2" source="P6" target="T2">
<graphics/>
<inscription>
<value>Default,1</value>
<graphics/>
</inscription>
<tagged>
<value>false</value>
</tagged>
<arcpath id="000" x="319" y="115" curvePoint="false"/>
<arcpath id="001" x="287" y="172" curvePoint="false"/>
<type value="normal"/>
</arc>
<arc id="T1 to P2" source="T1" target="P2">
<graphics/>
<inscription>
<value>Default,1</value>
<graphics/>
</inscription>
<tagged>
<value>false</value>
</tagged>
<arcpath id="000" x="166" y="182" curvePoint="false"/>
<arcpath id="001" x="207" y="178" curvePoint="false"/>
<type value="normal"/>
</arc>
<arc id="T2 to P3" source="T2" target="P3">
<graphics/>
<inscription>
<value>Default,1</value>
<graphics/>
</inscription>
<tagged>
<value>false</value>
</tagged>
<arcpath id="000" x="286" y="182" curvePoint="false"/>
<arcpath id="001" x="312" y="178" curvePoint="false"/>
<type value="normal"/>
</arc>
<arc id="T2 to P5" source="T2" target="P5">
<graphics/>
<inscription>
<value>Default,1</value>
<graphics/>
</inscription>
<tagged>
<value>false</value>
</tagged>
<arcpath id="000" x="277" y="172" curvePoint="false"/>
<arcpath id="001" x="231" y="113" curvePoint="false"/>
<type value="normal"/>
</arc>
<arc id="T3 to P1" source="T3" target="P1">
<graphics/>
<inscription>
<value>Default,1</value>
<graphics/>
</inscription>
<tagged>
<value>false</value>
</tagged>
<arcpath id="000" x="376" y="177" curvePoint="false"/>
<arcpath id="001" x="432" y="177" curvePoint="false"/>
<arcpath id="002" x="432" y="342" curvePoint="false"/>
<arcpath id="003" x="102" y="342" curvePoint="false"/>
<arcpath id="004" x="102" y="192" curvePoint="false"/>
<type value="normal"/>
</arc>
<arc id="T3 to P6" source="T3" target="P6">
<graphics/>
<inscription>
<value>Default,1</value>
<graphics/>
</inscription>
<tagged>
<value>false</value>
</tagged>
<arcpath id="000" x="366" y="178" curvePoint="false"/>
<arcpath id="001" x="333" y="115" curvePoint="false"/>
<type value="normal"/>
</arc>
<arc id="T4 to P4" source="T4" target="P4">
<graphics/>
<inscription>
<value>Default,1</value>
<graphics/>
</inscription>
<tagged>
<value>false</value>
</tagged>
<arcpath id="000" x="191" y="241" curvePoint="false"/>
<arcpath id="001" x="214" y="283" curvePoint="false"/>
<type value="normal"/>
</arc>
<arc id="T5 to P2" source="T5" target="P2">
<graphics/>
<inscription>
<value>Default,1</value>
<graphics/>
</inscription>
<tagged>
<value>false</value>
</tagged>
<arcpath id="000" x="251" y="231" curvePoint="false"/>
<arcpath id="001" x="229" y="190" curvePoint="false"/>
<type value="normal"/>
</arc>
</net>
</pnml>
